CREATE DATABASE `constructiondatabase` /*!40100 DEFAULT CHARACTER SET utf8mb4 COLLATE utf8mb4_0900_ai_ci */ /*!80016 DEFAULT ENCRYPTION='N' */;

CREATE TABLE IF NOT EXISTS `owner` (
  `OWNER_ID` int NOT NULL AUTO_INCREMENT COMMENT 'PK',
  `USER` varchar(50) NOT NULL DEFAULT '',
  `PASSWORD` varchar(50) NOT NULL,
  PRIMARY KEY (`OWNER_ID`)
) AUTO_INCREMENT=1;
REPLACE INTO `owner` (`OWNER_ID`, `USER`) VALUES
	(2, 'cartman'),
	(3, 'amcdaniel'),
	(4, 'rclinard'),
	(5, 'ddotson');
CREATE TABLE IF NOT EXISTS `item` (
  `ITEM_ID` varchar(50) NOT NULL COMMENT 'PK',
  `ITEM_DESC` varchar(50) NOT NULL DEFAULT 'Description',
  `ITEM_COST` decimal(10,2) NOT NULL DEFAULT '0.00',
  PRIMARY KEY (`ITEM_ID`)
);
REPLACE INTO `item` (`ITEM_ID`, `ITEM_DESC`, `ITEM_COST`) VALUES
	('0010', '30ft ALUM', 0.00),
	('0030', '0030', 105.41),
	('0035', '35ft WOOD', 165.36),
	('0040', '40ft WOOD', 240.68),
	('0045', '45ft WOOD', 325.77),
	('0050', '50ft WOOD', 367.40),
	('0055', '55ft WOOD', 462.08),
	('0060', '60ft WOOD', 583.02),
	('0065', '65ft WOOD', 927.92),
	('0070', '70ft WOOD', 1146.54),
	('0075', '75ft WOOD', 1365.72),
	('0080', '80ft WOOD ', 2285.00),
	('0085', '85ft WOOD', 1698.98),
	('0090', '90ft WOOD', 1564.88),
	('0095', '95ft WOOD', 0.00),
	('0097', '45ft Alum', 997.40),
	('0098', 'concrete poles', 1605.05),
	('0099', 'steel poles', 4155.47),
	('0099-40', '40ft steel poles', 918.09),
	('0099-45', '45ft steel pole', 1010.17),
	('0099-50', '50ft steel pole', 1454.20),
	('0099-55', '55ft steel pole', 1648.96),
	('0099-60', '60ft steel pole', 188.00),
	('0099-65', '65ft steel pole', 2919.67),
	('0099-70', '70ft Steel pole', 3886.58),
	('0099-75', '75ft Steel Pole', 3944.54),
	('0099-80', '80ft steel pole', 3896.08),
	('0099-85', '85ft steel pole', 4245.62),
	('0099-90', '90ft steel pole', 5193.95),
	('0099-95', '95ft steel pole', 0.00),
	('0100', 'FIBERGLASS POLE', 784.02),
	('0105', '8ft WOOD', 45.04),
	('0110', '10ft WOOD', 51.64),
	('0115', '8ft STEEL', 120.51),
	('0116', '10ft STEEL', 152.05),
	('0118', 'HUS-CF885A-60-32-2', 0.00),
	('0119', 'HUS-CF885A-60-32-2', 0.00),
	('0120', '60in BOW BRACE', 28.85),
	('0125', 'BRACE', 4.20),
	('0135', '1in SADDLE PIN', 16.33),
	('0140', '1in SADDLE PIN ANGLE', 0.00),
	('0145', '1 3/8in SADDLE PIN', 0.00),
	('0200', 'CROSSARMS 765-3in X 4ft', 210.57),
	('0205', 'CROSSARMS 766-4in X 4ft', 0.00),
	('0210', 'CROSSARMS 540-3in X 3ft', 154.26),
	('0211', '8ft DBL STACK FG ARM', 0.00),
	('0212', 'CROSSARMS FIBERGLASS 8ft', 197.64),
	('0213', '10ft DBL STACK FG ARM', 0.00),
	('0214', 'CROSSARMS FIBERGLASS 10ft', 182.62),
	('0215', 'POLE TOP PIN #500', 61.40),
	('0220', '2P PIN BRK #813', 0.00),
	('0225', '1P STAND-OFF BRK #810', 34.43),
	('0230', 'SUSPENSION BRK #615', 0.00),
	('0234', 'HICA BRACKETS', 0.00),
	('0235', '1P ARRESTOR-CUTOUT BRK688', 0.00),
	('0238', 'SINGLE P ARR/CUT OUT #668', 0.00),
	('0239', 'ALUM CUTOUT BREAKER', 24.37),
	('0240', '3P CUTOUT BRK Y #808', 116.23),
	('0241', 'STRAP MOUNTING W/BOLTS', 14.42),
	('0245', '3P CUTOUT BRK T #670', 176.64),
	('0250', 'CLUSTER #892', 0.00),
	('0255', 'DOWN LEAD STAND-OFF #765', 0.00),
	('0260', 'ROLLER ROD #694-54R', 30.91),
	('0261', '12ft ROLLER RODS', 0.00),
	('0262', '60in ROLLER RODS', 0.00),
	('0263', '18in ROLLER RODS', 0.00),
	('0300', 'BOLTS-CARRIAGE 3/8 X 4 1/2', 0.00),
	('0305', 'BOLTS FORK', 0.00),
	('0314', 'BOLTS D A 5/8in X 14in', 1.56),
	('0315', 'BOLT D A 3/4 X 14in', 3.15),
	('0316', 'BOLT D A 5/8in X 16in', 1.74),
	('0317', 'BOLT D A 3/4 X 16in', 2.53),
	('0318', 'BOLT D A 5/8in X 18in', 2.53),
	('0319', 'BOLT D A 3/4 X 18in', 3.89),
	('0320', 'BOLT D A 5/8in X 20in', 2.79),
	('0321', 'BOLT D A 3/4 X 20in', 3.76),
	('0322', 'BOLT D A 5/8in X 22in', 2.53),
	('0323', 'BOLT D A 3/4 X 22in', 3.77),
	('0324', 'BOLT D A 5/8in X 24in', 2.19),
	('0325', '3/4in X 24in D.A.', 3.80),
	('0326', 'BOLT D A 5/8in X 26in', 2.67),
	('0327', 'BOLT D A 3/4in X 26in', 4.33),
	('0406', 'BOLTS EYE 5/8in X 6in', 2.94),
	('0408', 'BOLTS EYE 5/8in X 8in', 3.84),
	('0410', 'BOLTS EYE 5/8in X 10in', 2.83),
	('0412', 'BOLTS EYE 5/8in X 12in', 3.10),
	('0414', 'BOLTS EYE 5/8in X 14in', 3.02),
	('0416', 'BOLTS EYE 5/8in X 16in', 3.82),
	('0418', 'BOLTS EYE 3/4in X 10in', 8.17),
	('0420', 'BOLTS EYE 3/4in X 12in', 7.00),
	('0421', 'BOLTS EYE 3/4in X 14in', 7.49),
	('0422', 'BOLTS EYE 3/4in X 18in', 8.63),
	('0425', 'BOLTS EYE 3/4in X 16in', 6.74),
	('0508', 'ANGLE THIMBLE EYE 5/8 X 8', 1.89),
	('0510', 'BOLTS ANGLE 5/8in X 10in', 3.11),
	('0512', 'BOLTS ANGLE 5/8in X 12in', 3.40),
	('0514', 'BOLTS ANGLE 5/8in X 14in', 3.15),
	('0516', '5/8in x 16in Angle Bolt', 3.32),
	('0610', 'BOLTS ANGLE 3/4in X 10in', 8.82),
	('0612', 'BOLTS ANGLE 3/4in X 12in', 10.97),
	('0614', 'BOLTS ANGLE 3/4in X 14in', 6.91),
	('0616', 'BOLTS ANGLE 3/4in X 16in', 6.00),
	('0706', 'BOLTS MACHINE 1/2in X 6in', 0.91),
	('0806', 'BOLTS MACHINE 5/8in X 6in', 1.13),
	('0808', 'BOLTS MACHINE 5/8in X 8in', 1.17),
	('0810', 'BOLTS MACHINE 5/8in X 10in', 1.20),
	('0812', 'BOLTS MACHINE 5/8in X 12in', 1.21),
	('0814', 'BOLTS MACHINE 5/8in X 14in', 1.31),
	('0816', 'BOLTS MACHINE 5/8in X 16in', 1.51),
	('0818', 'BOLTS MACHINE 5/8in X 18in', 1.94),
	('0820', 'BOLT MACHINE 5/8in X 20in', 1.99),
	('0910', 'BOLTS MACHINE 3/4in X 10in', 2.83),
	('0912', 'BOLTS MACHINE 3/4in X 12in', 2.88),
	('0914', 'BOLTS MACHINE 3/4in X 14in', 2.29),
	('0916', 'BOLTS MACHINE 3/4in X 16in', 2.23),
	('0918', 'BOLTS MACHINE 3/4in X 18in', 3.33),
	('0920', 'SCREW-LAG 3/8in X 3in', 0.71),
	('0922', 'SCREW-LAG 1/2in X 4in', 0.66),
	('0924', 'DRIVE HOOKS', 0.76),
	('0926', 'BOLT-YOKE-5/8in X 16in', 0.00),
	('0928', 'WASHER SQUARE 11/16in', 0.29),
	('0930', 'WASHER ROUND 11/16in', 0.28),
	('0931', '1/2 INCH ROUND WASHERS', 0.00),
	('0932', 'WASHER SQUARE 13/16in', 0.29),
	('0934', 'WASHER CURVED', 0.72),
	('0936', 'NUTS O E 5/8in', 1.63),
	('0938', 'NUTS O E 13/16in', 2.02),
	('0940', 'BRACKETT-POLE TOP', 3.11),
	('0942', 'POLE TOP PINS 1in', 8.60),
	('0946', 'STEEL PINS 1in', 4.30),
	('0948', 'STEEL PINS 1in (SS)', 6.27),
	('0950', 'STEEL PINS 1 3/8in (SS)', 0.00),
	('0951', '3/4in POLE EYE PLATE', 0.00),
	('0952', 'PIN ADAPTER 1 3/8in', 0.00),
	('0954', 'PIN ADAPTER 1in', 6.84),
	('0956', 'SCREW PINS 1in', 7.57),
	('0960', 'BRACKET-CLUSTER 619-18', 165.02),
	('0961', 'POLY-SET LARGE', 0.00),
	('0962', 'POLY-SET SMALL', 0.00),
	('1005', 'BANDS - 4 WAY & BOLTS', 41.41),
	('1010', 'THREE BOLT CLAMP', 3.60),
	('1015', 'J HOOKS', 0.00),
	('1020', 'SHIM PLATES', 0.00),
	('1025', 'LIFT AND LOAD PLATES', 8.14),
	('1030', 'DOWN STRAIN THIMBLE EYE', 5.59),
	('1035', 'SHACKLES', 7.01),
	('1040', 'GUY WIRE 5/16in', 0.00),
	('1045', 'GUY WIRE 3/8in', 0.43),
	('1046', 'STATIC WIRE 3/8in', 0.23),
	('1050', 'GUY WIRE 7/16in', 0.00),
	('1055', 'GUY SLEEVE 5/16in', 0.00),
	('1060', 'GUY SLEEVES 3/8in', 11.03),
	('1065', 'GUY SLEEVES 7/16in', 0.00),
	('1070', 'GUY WIRE BASKET', 6.05),
	('1075', 'GUY WIRE SHIELDS', 3.44),
	('1080', '0', 0.00),
	('1085', 'GUY WIRE PREFORMS 3/8in', 2.62),
	('1090', 'GUY WIRE PREFORMS 7/16in', 0.00),
	('1095', 'STATIC SUPPORT BRK #J6395', 149.59),
	('1096', 'J6 273 SINGLE ROLLER', 15.60),
	('1097', 'J6 274 DOUBLE ROLLER', 28.75),
	('1098', 'J6 650 CONN LINK', 27.73),
	('1099', 'GUY LINK LARGE', 0.00),
	('1100', 'HELIX - 8in', 0.00),
	('1110', 'ROD 3/4in X 7ft', 0.00),
	('1120', 'HELIX - 10in', 35.02),
	('1125', '10in TWIN HELIX ANCHOR', 63.00),
	('1130', 'ROD 1in X 7ft', 32.14),
	('1135', '1in X 10ft TRIPLEX EYE BOLT', 44.19),
	('1140', 'MECHANICAL 8in', 9.09),
	('1150', 'ROD 5/8in X 8ft', 18.32),
	('1155', '3/4in X 8in TRIPLE EYE ROD', 17.15),
	('1160', 'MECHANICAL 10in', 14.52),
	('1165', 'ANCHORS CHANCE 11978', 45.11),
	('1170', 'ROD 1 1/4in X 9ft', 32.75),
	('1180', 'ROD EXTENSION', 25.97),
	('1190', 'ROCK TYPE', 36.65),
	('2005', '3in SPOOL', 1.03),
	('2010', 'STRAIN', 0.00),
	('2015', 'POLE TOP', 4.81),
	('2016', '795 PIN TYPE INSUL', 12.05),
	('2018', 'TIE TOP POST INSULATOR', 16.40),
	('2020', 'SPOOLS (SMALL)', 12.76),
	('2025', 'SCREW NOBS', 3.36),
	('2030', 'SPOOL CLAMPS', 9.90),
	('2035', 'CONDUIT HOLDER 2in', 12.22),
	('2040', 'CONDUIT HOLDER 4in', 14.08),
	('2045', 'D E UNIT SUSP #877', 9.25),
	('2046', 'Large D E Suspension Unit-Polymer', 64.64),
	('2047', 'D E UNIT SUSP. 9in', 13.80),
	('2050', 'LINE POSTS #38246', 0.00),
	('2055', 'POLE TOP #2027-S', 0.00),
	('2066', 'SUBSTATION #4788', 0.00),
	('2070', 'BALL AND SOCKET CLEVIS', 0.00),
	('2075', 'CLEVIS SECONDARY 1in', 4.05),
	('2080', 'CLEVIS EYE', 0.00),
	('2085', 'CLEVIS SECONDARY 1 1/2in', 3.19),
	('2090', 'CLEVIS CLEVIS', 0.00),
	('2095', 'SWINGING CLEVIS-LARGE', 2.44),
	('2097', 'SWINGING CLEVIS-SMALL', 1.63),
	('2099', 'CLEVIS SECONDARY 4in', 4.22),
	('2100', 'ADE #46', 10.29),
	('2105', 'ADE #86-88', 12.45),
	('2107', '795 D E CLAMP', 17.80),
	('2108', 'STRAIN CLAMPS', 0.00),
	('2110', 'PG #57', 0.00),
	('2115', 'SUSPENSION HAS #62', 16.18),
	('2120', 'SUSPENSION HAS #85', 15.48),
	('2125', 'SUSPENSION HAS #104', 15.56),
	('2130', 'SUSPENSION HAS #139', 23.77),
	('2135', 'ANGLE #AAC301', 16.21),
	('2140', 'TOP #47114', 14.46),
	('2145', 'DE COPPER - SMALL', 0.00),
	('2150', 'DE COPPER - LARGE', 0.00),
	('2155', 'CROSBY', 0.00),
	('2160', 'HOT LINE-ALUMINUM-LARGE', 9.47),
	('2165', 'HOT LINE-A1/CU-LARGE', 8.30),
	('2170', 'HOT LINE-COPPER-SMALL', 7.32),
	('2175', 'HOT LINE-ALUMINUM-SMALL', 8.25),
	('2177', '795 P G CLAMP', 7.66),
	('2180', 'HOT LINE - ALL PURPOSE', 0.00),
	('2181', 'TRANSF GRD CLAMP', 3.96),
	('2183', 'URD GR CLAMP-BIG WIRE', 39.25),
	('2185', 'GROUND ROD - CLAMP', 1.23),
	('2190', 'SIDEWALK CLAMP', 23.06),
	('2195', 'GROUND (ST3P) SMALL', 8.50),
	('2200', 'GROUND #LC833 - LARGE', 12.08),
	('2205', 'ALUMINUM DE #DLC60', 0.00),
	('2210', 'TWO BOLT #28350', 19.41),
	('2215', 'TWO BOLT #28500', 12.02),
	('2217', 'GROUND CLAMP 556795', 1.00),
	('2220', '4in LCC - 22-2', 8.26),
	('2225', '4in LCC - 33-2', 109.24),
	('2230', '4in LCC - 16', 0.00),
	('2232', 'TAP LUG TLS22', 3.61),
	('2235', 'TAP - TLS-52 LARGE', 6.71),
	('2240', 'TAP - TLS-32 SMALL', 5.38),
	('2245', 'SIX BOLT #LCU750', 0.00),
	('2250', 'SIX BOLT #LCU700', 26.88),
	('2275', 'GROUND ROD - COPPER-8ft', 12.84),
	('2285', '#6 - S D', 0.30),
	('2286', '6AC W', 0.00),
	('2290', '#6 - H D', 0.37),
	('2292', '#6 SD WRAPPED CU', 0.66),
	('2295', '#4 - S D', 0.53),
	('2300', '#4 - H D', 0.53),
	('2305', '#2 - STRANDED H D', 1.25),
	('2306', '#2 7STR CU S/D BARE', 0.86),
	('2308', '250 MCM BARE', 3.03),
	('2310', '#2 - SOLID S D', 1.25),
	('2315', '#1/0 - STRANDED S D', 1.26),
	('2320', '#1/0 - STRANDED H D', 1.41),
	('2325', '#2/0 - STRANDED H D', 1.83),
	('2330', '#4/0 - STRANDED', 1.91),
	('2335', '#350 MCM', 3.86),
	('2340', '#500 MCM', 6.57),
	('2345', '#750 MCM', 15.10),
	('2350', '#1000 MCM', 1.27),
	('2355', '#6 W P', 0.00),
	('2360', '#4 W P', 0.00),
	('2370', '2/0 THHN STR BLACK CU WP', 2.09),
	('2375', '#4/0 W P', 0.00),
	('2380', '#250 MCM WP', 0.00),
	('2385', '#350 MCM W P', 1.49),
	('2390', '#500 MCM W P', 5.65),
	('2395', '#750 MCM W P', 9.42),
	('2400', '1/0 LINE GUARD', 0.00),
	('2405', '4/0 LINE GUARD', 7.17),
	('2410', '336.4', 13.12),
	('2415', '397.6', 15.42),
	('2420', '556.5', 8.86),
	('2422', '556AAC ARMOR RODS', 19.33),
	('2423', '795 LINE GUARDS', 15.29),
	('2424', '795 ARMOR RODS AAR542', 44.65),
	('2425', '#4 S D TIE WIRE AL WIRE', 0.10),
	('2430', '#2 S D AL WIRE', 0.10),
	('2435', '#4 ACSR AL WIRE', 0.00),
	('2440', '#2 ACSR AL WIRE', 0.15),
	('2445', '#1/0 ACSR AL WIRE', 0.23),
	('2450', '#4/0 ACSR AL WIRE', 0.00),
	('2455', '#1/0 AAAC AL WIRE', 0.00),
	('2460', '#1/0 AAAC AL WIRE', 0.00),
	('2465', '#2/0 AAC', 0.00),
	('2475', '#4/0 AAC', 0.39),
	('2480', '#336.4 AAC', 0.53),
	('2482', '397.5 ACSR IBIS ON 3787', 0.55),
	('2485', '#556.5 AAC', 0.93),
	('2486', '795 AAC', 1.09),
	('2487', '1000 Mil AL Wire', 7.35),
	('2490', 'AUTO #6 CU', 3.41),
	('2495', 'AUTO #4 CU', 3.28),
	('2500', 'AUTO #2 CU', 4.96),
	('2505', 'AUTO #1/0 CU', 11.24),
	('2510', 'AUTO #2/0 CU', 13.00),
	('2515', 'AUTO #3/0 CU', 17.79),
	('2520', 'AUTO #4/0 CU', 2.85),
	('2525', 'AUTO #6A & 8A', 0.00),
	('2530', 'AUTO D E #6 CU', 7.92),
	('2535', 'AUTO D E #4 CU', 7.06),
	('2540', 'AUTO D E #2 CU', 10.35),
	('2545', 'AUTO D E #1/0 CU', 11.19),
	('2550', 'AUTO D E #2/0 CU', 12.04),
	('2555', 'AUTO D E #4/0 CU', 13.45),
	('2556', 'NO 4 & 6 COPPER WELD', 0.00),
	('2560', 'AUTO D E #1/0 AAAC', 9.89),
	('2565', 'AUTO D E #2/0 AAAC', 0.00),
	('2570', 'AUTO D E #3/0 AAAC', 13.13),
	('2575', 'AUTO D E #4/0 AAC', 9.09),
	('2580', 'AUTO D E #4/0 AAAC', 13.50),
	('2585', 'AUTO D E #336.4 AAAC', 0.00),
	('2590', 'AUTO D E #336.4 AAC', 0.00),
	('2595', 'AUTO D E #397.4 ACSR', 14.82),
	('2600', 'AUTO D E #556.5 AAC', 16.76),
	('2605', 'SPLICES #4 ACSR', 5.80),
	('2610', 'SPLICES #2 ACSR', 5.33),
	('2611', '#2-4 AUTO SPLICE', 0.00),
	('2625', 'SPLICES #1/0 ACSR', 7.00),
	('2630', 'SPLICES #4/0 AAAC', 13.64),
	('2635', 'SPLICES #336.4 AAAC', 14.89),
	('2640', 'SPLICES #397.4 ACSR', 20.77),
	('2645', 'SPLICES #556.5 AAAC', 0.00),
	('2646', 'SPLICES #556.5 AAC', 0.00),
	('2648', '795 SPLICES', 55.07),
	('2660', 'REPAIR #4/0 YCU 28R', 0.00),
	('2665', 'REPAIR #336.4 YCU 301A', 0.00),
	('2666', 'REPAIR #397.4 YOS 35RPI', 19.69),
	('2668', 'REPAIR #556.5 YCU 39R-P2', 54.02),
	('2670', 'COMPRESSION-#4 YDS 4RL', 4.75),
	('2675', 'COMPRESSION-#2 YDS 2RL', 4.81),
	('2680', 'COMPRESSION-#1/0 YDS 15RL', 5.42),
	('2685', 'COMPRESSION-#3/0 YDS 27RL', 8.46),
	('2690', 'COMPRESSION-#4/0 YDS 28RL', 8.17),
	('2695', 'COMPRESSION-#4/0 61AS', 7.34),
	('2700', 'COMP-#336.4 YDS 321RL', 11.83),
	('2705', 'COMP-#336.4 #101802', 0.00),
	('2710', 'COMP-#556.5 YDS 351AT', 39.49),
	('2715', 'COMP-#556.5 YDS 391RLG1', 17.05),
	('2720', 'COMP-#556.5 #101950', 33.33),
	('2725', 'JUMPER #4YSS - 4R', 1.16),
	('2730', 'JUMPER #2YSS - 2R', 1.76),
	('2731', 'JUMPER #6', 0.00),
	('2735', 'JUMPER #1/9 YDS - 25AL', 2.64),
	('2740', 'JUMPER #4/0 YCS - 28RL', 9.55),
	('2745', 'JUMPER #4/0 YCS - 28A', 7.12),
	('2750', 'JUMPER #336.4 YCS-321RL', 6.07),
	('2755', 'JUMPER #556.5 YDS-351AT', 0.00),
	('2760', 'JUMPER #556.5 YCS-37R', 14.00),
	('2762', '#2 AL NICOPRESS', 0.00),
	('2764', '795 NON TENSION YC5391A', 23.83),
	('2765', 'NICOPRESS #8CU', 11.09),
	('2766', '795 TENSION YDS391AT', 37.55),
	('2770', 'NICOPRESS #6CU', 1.42),
	('2775', 'NICOPRESS #4CU', 2.36),
	('2785', 'NICOPRESS #2CU', 5.26),
	('2790', 'NICOPRESS #4AL', 1.66),
	('2795', '#2 & #4 YCB2R STIRRUPS', 15.76),
	('2800', '#1/0 YCB25R', 18.42),
	('2805', '#3/0 104305', 26.13),
	('2810', '#4/0 YCB 280 2G1', 9.64),
	('2815', '#336.4 YCB 33R 26U', 18.06),
	('2820', '#556.5 YCB 38R 26U', 26.67),
	('2825', '#556.5 407 078', 3.36),
	('2826', '795 STIRRU', 33.47),
	('2827', '#6 2/0 BRONZE STIRRUP', 0.00),
	('2830', '#2 1047411 TERMINAL PACS', 14.33),
	('2835', '#2 T TA2R2H', 20.16),
	('2837', '795 T PAD YTA43R-2N', 123.67),
	('2840', '#1/0 PAD YSA25R2H With Bolts', 24.44),
	('2841', '1/0 Pads Without Bolts', 12.99),
	('2845', '#1/0 T TA25R2N', 17.97),
	('2850', '#2/0 PAD 1047413', 0.00),
	('2855', '#2/0 T TA28H2N', 14.93),
	('2858', '#4/0 PAD YKA28R2N', 22.56),
	('2860', '#4/0 T TA28R-2R', 32.02),
	('2862', '#336.4 T TA321R2N', 40.56),
	('2864', '#336.4 PAD YKA321R2N With Bolts', 38.29),
	('2865', '336 Pads Without Bolts', 7.66),
	('2866', '#556.5 T TA37R2N', 68.70),
	('2868', '#556.5 PAD YKA32R2R', 36.50),
	('2870', '#556.5 PAD YCA37R2N', 10.24),
	('2872', '#556.5 PAD 40133', 0.00),
	('2874', '#HOMAC #1/0 AL 2 HOLE STR', 2.74),
	('2875', '#1/0 COPPER STK', 7.45),
	('2876', 'HOMAC #1/0 CU 2 HOLE STR', 4.02),
	('2878', 'HOMAC #2/0 CU 2 HOLE STK', 4.67),
	('2879', '3/0 CU STR', 4.94),
	('2880', 'HOMAC #4/0 CU 2 HOLE STR', 4.22),
	('2882', 'HOMAC #4/0 CU 2 HOLE STK', 6.39),
	('2884', 'HOMAC #250 CU 2 HOLE STR', 5.13),
	('2886', 'HOMAC #250 CU 2 HOLE STK', 5.78),
	('2887', '#300 COPPER STRAIGHT', 7.70),
	('2888', 'HOMAC #350 CU 2 HOLE STR', 6.11),
	('2890', 'HOMAC #350 CU 2 HOLE STK', 5.95),
	('2891', '400 CU STR', 9.35),
	('2892', 'HOMAC #500 CU 2 HOLE STR', 8.91),
	('2893', '400 CU 2-HOLE STK', 0.00),
	('2894', 'HOMAC #500 CU 2 HOLE STK', 12.52),
	('2895', '#600 CU STR', 11.64),
	('2896', 'HOMAC #4/0 AL 2 HOLE STR', 6.23),
	('2898', 'HOMAC #4/0 AL 2 HOLE STK', 5.60),
	('2900', 'HOMAC #250 AL 2 HOLE STR', 5.82),
	('2901', 'HOMAC #250 AL 2 HOLE STK', 7.08),
	('2902', '4/0 STR - 500 MCM', 0.00),
	('2903', '300 AL 2-HOLE STK', 0.00),
	('2904', 'HOMAC #350 AL 2 HOLE STR', 2.98),
	('2905', '300 AL 2-HOLE STR', 0.00),
	('2906', 'HOMAC #350 AL 2 HOLE STK', 6.03),
	('2908', 'HOMAC #400 AL 2 HOLE STR', 4.45),
	('2910', 'HOMAC #397 AL 2 HOLE STK', 0.00),
	('2912', 'HOMAC #500 AL 2 HOLE STR', 5.03),
	('2914', 'HOMAC #500 AL 2 HOLE STK', 12.15),
	('2915', '#600 AL 2 HOLE STR', 11.76),
	('2916', 'HOMAC #750 CU 2 HOLE STR', 11.60),
	('2917', '750 CU 2 HOLE STACK', 15.94),
	('2918', 'HOMAC #750 AL 2 HOLE STR', 5.86),
	('2920', 'HOMAC #750 AL 2 HOLE STK', 12.06),
	('2921', '795 LUG 2-HOLE W/BOLTS', 141.31),
	('2922', '336 AL STR', 0.00),
	('2923', '795 LUG 2-HOLE', 22.85),
	('2924', '1/2in SPRING NUT', 1.35),
	('2926', '1/2in ADJUSTING NUT', 0.19),
	('2927', '1/2in RD WASHERS', 0.18),
	('2928', 'BOLT HEX HEAD 1/2in X 1in', 0.00),
	('2930', 'BOLT HEX HEAD 1/2in X 1 1/2in', 0.77),
	('2932', 'BOLT HEX HEAD 1/2in X 2in', 0.90),
	('2934', 'BOLT HEX HEAD 1/2in X 2 1/2in', 0.83),
	('2936', 'BOLT HEX HEAD 1/2in X 3in', 1.92),
	('2938', 'BOLT HEX HEAD 1/2in X 3 1/2in', 0.82),
	('2940', 'BOLT HEX HEAD 1/2in X 4in', 1.40),
	('2941', '3/0 600 CU 2 BOLT CLAMP', 0.00),
	('2942', '#4/0 CU', 5.98),
	('2943', '500 CU 2 BOLT CLAMP', 0.00),
	('2944', '# 250-350 CU', 9.58),
	('2945', '250-350 CU 2 BOLT CLAMP', 0.00),
	('2946', '# 350-500 CU', 12.11),
	('2947', '2/0-1/0 CU 2 BOLT CLAMP', 0.00),
	('2948', '#750 CU', 18.16),
	('2950', '# 1/0 CU', 3.92),
	('2952', '# 2/0 CU', 1.93),
	('2954', '# 6 CU', 0.60),
	('2956', '# 4 CU', 2.03),
	('2958', '#4/0 ACSR', 3.05),
	('2960', '# 2 ST CU', 1.56),
	('2962', '# 2 SOL CU', 1.09),
	('2964', '# 1/0 AL', 2.56),
	('2966', '# 2/0 AL', 0.00),
	('2968', '# 4 AL', 0.00),
	('2970', '# 2 AL', 0.00),
	('2972', '# 4/0 AL', 0.00),
	('3010', '9-10 KV ARRESTOR', 0.00),
	('3012', 'MOV ARRESTER 10KV', 37.16),
	('3020', '100 APM 7.2 KV CUTOUT', 99.44),
	('3021', '200 AMP CUTOUT S&C', 123.17),
	('3022', '600AMP BLADE SWITCH', 244.12),
	('3023', '900AMP BLADE SWITCH', 330.28),
	('3025', '100 AMP 7.2 KV CUTOUT LB', 101.54),
	('3026', 'SQUIRRELL GUARDS', 14.05),
	('3027', 'ARRESTOR KIT', 48.90),
	('3028', 'K-MATE FUSE', 42.00),
	('3029', 'GOAB Switches', 3867.00),
	('3030', 'TRIP SAVER KIT', 0.00),
	('3031', 'VIPER KIT', 0.00),
	('3032', 'CAPACITOR BANK KIT', 10700.00),
	('3033', 'Intermed Arrestor 9kV', 0.00),
	('3035', 'COMB BRK #J920300', 0.00),
	('4005', '#6 DUPLEX', 0.25),
	('4010', '#4 TRIPLEX', 0.38),
	('4015', '#2 TRIPLEX', 0.53),
	('4020', '#1/0 TRIPLEX', 0.75),
	('4025', '#2/0 TRIPLEX', 0.00),
	('4027', '4/0 - 2/0 SWEETBRIAR', 0.00),
	('4030', '#4/0 TRIPLEX', 1.55),
	('4035', '#336 TRIPLEX', 3.05),
	('4040', '#2/0 QUADPLEX', 0.00),
	('4045', '#4/0 QUADRAPLEX', 1.88),
	('4050', '#336 QUADRAPLEX', 4.82),
	('4051', '#2-4W QUADPLEX', 0.70),
	('4052', '#1/0-4W QUADPLEX', 1.26),
	('4053', '4/0 2/0 URD TRIPLEX', 1.35),
	('4054', '250-3/0 AL Triplex UG', 2.10),
	('4055', 'YHD-100', 0.46),
	('4060', 'YHD-150', 0.44),
	('4065', 'YHD-200', 0.72),
	('4070', 'YHD-250', 0.79),
	('4075', 'YHD-300', 0.71),
	('4080', 'YHD-350', 0.80),
	('4085', 'YHD-400', 0.67),
	('4090', 'YHN-450', 4.28),
	('4095', 'YHN-500', 2.06),
	('4100', 'YHN-550', 3.18),
	('4105', 'YHN-600', 6.59),
	('4110', 'YHR-700', 7.38),
	('4115', 'YHR-750', 16.35),
	('4120', '2 1/2in COVER', 0.76),
	('4125', '2 3/4in COVER', 0.66),
	('4130', '5in COVER', 2.94),
	('4135', 'ONE HOLE #SA300-48', 6.27),
	('4140', 'ONE HOLE #SA500-48', 4.85),
	('4145', 'ONE HOLE #SA250-48', 1.32),
	('4150', 'ONE HOLE #AL3/0-48', 3.92),
	('4160', 'ONE HOLE #AL2/0-48', 1.29),
	('4165', 'ONE HOLE #SA1/0-48', 1.54),
	('4170', 'ONE HOLE #SA2-48', 1.40),
	('4175', '1/0 25R25R', 0.38),
	('4180', '#4ES2W2W', 0.34),
	('4185', '#2ES2R2R', 0.34),
	('4190', '#2&4ES2R2W', 0.41),
	('4192', '#6 INSULINK ACSR', 0.00),
	('4195', 'RACKS 3 & 4 SPOOL', 11.21),
	('4198', 'YPC33R260 CRIMPIT', 0.00),
	('4199', 'Y[C38R26U CRIMPIT', 0.00),
	('4255', 'SERVICE WEDGE #2', 2.42),
	('4260', 'SERVICE WEDGE #1/0', 3.23),
	('4265', 'SERVICE WEDGE #4/0', 3.21),
	('4270', 'SERVICE WEDGE #841A-336', 0.00),
	('5005', '175 WATT MV', 0.00),
	('5010', '400 WATT MV', 0.00),
	('5015', '100 WATT HPS', 72.56),
	('5020', '250 WATT HPS', 168.71),
	('5025', '400 WATT HPS', 182.00),
	('5035', '400 WATT WIDE MV', 0.00),
	('5038', '400 WATT W HPS', 239.46),
	('5040', '1000 WATT WIDE MV', 0.00),
	('5041', 'DECORATIVE LIGHTING', 212.46),
	('5045', '2in X 4ft MAST ARM ALM.', 53.48),
	('5050', '2in X 6ft MAST ARM', 0.00),
	('5051', '2in X 3ft WIDE ANGLE ARM', 43.94),
	('5052', '2in x 3ft STEEL DBL ARM', 0.00),
	('6005', 'PVC SCH 40 10ft X 2in', 0.79),
	('6010', 'PVC SCH 40 10ft X 3in', 0.00),
	('6015', 'PVC SCH 40 10ft X 4in', 0.00),
	('6016', '2in PVC SCH 80 1 10ft LGTH', 1.25),
	('6020', 'PVC SCH 80 20ft X 3in', 0.00),
	('6030', 'PVC 2in ELBOW', 6.95),
	('6035', 'PVC 3in ELBOW', 0.00),
	('6050', 'PVC COUPLING 2in', 0.72),
	('6100', 'ELBOW #2 2604599B48M', 29.00),
	('6101', '600 AMP ELBOWS', 45.43),
	('6102', 'RTE 3237015C09M', 72.00),
	('6104', '15 KVA PARKING STD ARSTR', 160.02),
	('6105', 'ELBOW #1/0 2604599B33MA', 28.90),
	('6106', 'CABLE SEALING KIT-URD', 10.77),
	('6110', 'FEEDTHROUGH 2601338C', 135.34),
	('6120', 'CS800 CABLE SUPPORT', 16.16),
	('6125', 'BUSH WELL PLUG 2604231801', 0.00),
	('6130', 'STAND-OFF 2625063801M', 33.32),
	('6132', 'PARKING STAND ARRESTOR', 0.00),
	('6135', 'SPLICE #2 2606780A04M PRI', 59.56),
	('6136', 'SEC SLEEVE ASSEMBLEY 2/0', 7.19),
	('6137', 'SEC SLEEVE ASSEMBLEY 4/0', 8.10),
	('6138', 'BUSHING INSERT 260479801M', 26.00),
	('6140', 'SPLICE #1/0 2606780A08M', 49.43),
	('6141', 'DOUBLE FEED THRU', 83.10),
	('6142', '1/0 SPLICE SMALL', 0.00),
	('6143', '250 SPLICE', 0.00),
	('6144', '3/0 SPLICE', 0.00),
	('6145', 'TERM #1/0 2610604T10M', 31.63),
	('6150', 'TERMINATOR #2 2610402T10M', 32.67),
	('6155', '6in TAPE', 0.02),
	('6158', 'FAULT INDICATOR', 189.75),
	('6160', 'PROTECTIVE CAP', 25.30),
	('6165', '600 AMP PROT CAP', 57.37),
	('6175', '4 WAY MOLE', 169.69),
	('6177', '600 AMP JUNCTIONS', 776.13),
	('6180', '#1/0 PRIMARY', 1.92),
	('6181', '#1/0 PRIMARY', 0.00),
	('6182', '500 MCM POWER CABLE', 0.00),
	('6185', '#2 PRIMARY', 1.18),
	('6190', '500MCM CU HV', 0.00),
	('6192', '500 MCM PRIMARY CABLE AL', 0.00),
	('6195', '750MCM CU HV', 0.00),
	('6197', '4 HOLE SPADE', 24.31),
	('6198', 'VAULTS', 251.92),
	('6199', 'LIDS', 166.90),
	('6200', '4in POLY PAD', 120.62),
	('6205', 'SEC PULL BOXES', 97.99),
	('6206', '1in X 4 HOLE SPADE', 0.00),
	('6207', '1in X 6 HOLE SPADE', 0.00),
	('6208', '1in X 8 HOLE SPADE', 0.00),
	('6209', '5/8in X 4 HOLE SPADE', 0.00),
	('6210', '5/8in X 6 HOLE SPADE', 0.00),
	('6211', '5/8in X 8 HOLE SPADE', 0.00),
	('6300', 'SDR 13.5 2in CONTINUOUS CONDUIT', 0.78),
	('6310', 'EL2.375 2in COUPLINGS CONT COND', 7.50),
	('70000', '208V 75kVA PMT XFMR', 5358.00),
	('70001', '480V 75kVA PMT XFMR', 5355.00),
	('70002', '208V 150kVA PMT XFMR', 6084.00),
	('70003', '480V 150kVA PMT XFMR', 5997.00),
	('70004', '208V 225kVA PMT XFMR', 7242.00),
	('70005', '480V 225kVA PMT XFMR', 7123.00),
	('70006', '208V 300kVA PMT XFMR', 8067.00),
	('70007', '480V 300kVA PMT XFMR', 7830.00),
	('70008', '208V 500kVA PMT XFMR', 10535.00),
	('70009', '480V 300kVA PMT XFMR', 9453.00),
	('70010', '208V 750kVA PMT XFMR', 14796.00),
	('70011', '480V 750kVA PMT XFMR', 12667.00),
	('70012', '208V 1000kVA PMT XFMR', 17779.00),
	('70013', '480V 1000kVA PMT XFMR', 15012.00),
	('70014', '480V 1500kVA PMT XFMR', 18719.00),
	('70015', '480V 2000kVA PMT XFMR', 23613.00),
	('70016', '480V 2500kVA PMT XFMR', 28106.00),
	('70019', '240V 15kVA CNV XFMR', 585.00),
	('70020', '240V 25kVA CNV XFMR', 717.00),
	('70021', '240V 37.5kVA CNV XFMR', 844.00),
	('70022', '240V 50kVA CNV XFMR', 934.00),
	('70023', '240V 75kVA CNV XFMR', 1482.00),
	('70024', '240V 100kVA CNV XFMR', 1999.00),
	('70025', '240V 167kVA CNV XFMR', 3099.00),
	('70026', '240V 25kVA PMT XFMR', 1280.00),
	('70027', '240V 37.5kVA PMT XFMR', 1406.00),
	('70028', '240V 50kVA PMT XFMR', 1453.00),
	('70029', '240V 75kVA PMT XFMR', 1851.00),
	('70030', '240V 100kVA PMT XFMR', 2231.00),
	('70031', '240V 167kVA PMT XFMR', 2878.00),
	('70032', '240V 10kVA CSP XFMR', 671.00),
	('70033', '240V 15kVA CSP XFMR', 742.00),
	('70034', '240V 25kVA CSP XFMR', 870.00),
	('70035', '240V 37.5kVA CSP XFMR', 1093.00),
	('70036', '240V 50kVA CSP XFMR', 1194.00),
	('70037', '480V 25kVA CNV XFMR', 700.00),
	('70038', '480V 50kVA CNV XFMR', 913.00),
	('70039', '480V 75kVA CNV XFMR', 1280.00),
	('labor', 'Hourly cost for a crew.', 300.00);
CREATE TABLE IF NOT EXISTS `assemblies_category` (
  `CAT_ID` int NOT NULL AUTO_INCREMENT COMMENT 'PK',
  `CAT_NAME` varchar(50) NOT NULL DEFAULT '',
  PRIMARY KEY (`CAT_ID`)
) AUTO_INCREMENT 1;
REPLACE INTO `assemblies_category` (`CAT_ID`, `CAT_NAME`) VALUES
	(1, 'Overhead'),
	(2, 'underground'),
	(3, 'Riser'),
	(4, 'Conduit'),
	(5, 'Meter'),
	(6, 'Fiber'),
	(7, 'Transmission'),
	(8, 'Wire'),
	(9, 'Miscellaneous');
CREATE TABLE IF NOT EXISTS `assemblies_subcategory` (
  `SUB_CAT_ID` int NOT NULL AUTO_INCREMENT COMMENT 'PK',
  `SUB_CAT_NAME` varchar(50) NOT NULL DEFAULT '',
  PRIMARY KEY (`SUB_CAT_ID`)
) AUTO_INCREMENT 1;
REPLACE INTO `assemblies_subcategory` (`SUB_CAT_ID`, `SUB_CAT_NAME`) VALUES
	(1, 'single phase'),
	(2, 'two phase'),
	(3, 'three phase'),
	(4, 'double circuit'),
	(5, 'reclosers'),
	(6, 'switches&fuses'),
	(7, 'Transformers'),
	(8, 'volt/var control'),
	(9, 'scondaries'),
	(10, 'guys & anchors'),
	(11, 'Lighting'),
	(12, 'Miscellaneous'),
	(13, 'Pad Mount Transformers'),
	(14, 'switchgear'),
	(15, 'trenches & ductbanks'),
	(16, 'pads & vaults'),
	(17, 'poles'),
	(18, 'CU'),
	(19, 'AL'),
	(20, 'URD'),
	(21, 'none');
CREATE TABLE IF NOT EXISTS `assemblies` (
  `ASSEMBLY_ID` int NOT NULL AUTO_INCREMENT COMMENT 'PK',
  `CAT_ID` int NOT NULL,
  `SUB_CAT_ID` int NOT NULL,
  PRIMARY KEY (`ASSEMBLY_ID`),
  KEY `CAT_ID` (`CAT_ID`),
  KEY `SUB_CAT_ID` (`SUB_CAT_ID`),
  CONSTRAINT `CAT_ID_FK` FOREIGN KEY (`CAT_ID`) REFERENCES `assemblies_category` (`CAT_ID`),
  CONSTRAINT `SUB_CAT_ID_FK` FOREIGN KEY (`SUB_CAT_ID`) REFERENCES `assemblies_subcategory` (`SUB_CAT_ID`)
) AUTO_INCREMENT 1;
REPLACE INTO `assemblies` (`ASSEMBLY_ID`, `CAT_ID`, `SUB_CAT_ID`) VALUES
	(1, 1, 1),
	(2, 1, 2),
	(3, 1, 3),
	(4, 1, 4),
	(5, 1, 5),
	(6, 1, 6),
	(7, 1, 7),
	(9, 1, 8),
	(10, 1, 9),
	(11, 1, 10),
	(12, 1, 11),
	(13, 1, 12),
	(14, 2, 13),
	(15, 2, 14),
	(16, 2, 15),
	(17, 2, 16),
	(18, 2, 12),
	(22, 3, 21),
	(23, 4, 15),
	(24, 4, 16),
	(25, 4, 12),
	(26, 5, 21),
	(28, 6, 21),
	(29, 7, 21),
	(30, 1, 17),
	(32, 8, 18),
	(33, 8, 19),
	(34, 8, 20),
	(35, 9, 21);
CREATE TABLE IF NOT EXISTS `project` (
	`PROJECT_ID` int NOT NULL AUTO_INCREMENT COMMENT 'PK',
    `OWNER_ID` int NOT NULL,
    `PROJECT_NAME` varchar(50) NOT NULL DEFAULT 'Name',
    `PROJECT_DESCRIPTION` varchar(150) DEFAULT 'Description',
    `PROJECT_CREATED_ON` DATE NOT NULL DEFAULT(CURRENT_DATE),
    PRIMARY KEY (`PROJECT_ID`),
    KEY `OWNER_ID` (`OWNER_ID`),
    CONSTRAINT `OWNER_ID_FK` FOREIGN KEY(`OWNER_ID`) REFERENCES `owner` (`OWNER_ID`)
) AUTO_INCREMENT 1;
REPLACE INTO `project` (`PROJECT_ID`, `OWNER_ID`, `PROJECT_NAME`, `PROJECT_DESCRIPTION`, `PROJECT_CREATED_ON`) VALUES
	(2, 2, 'placeholder', NULL, '2019-06-12'),
	(3, 3, 'Oak Ridge Hwy', NULL, '2019-09-06'),
	(4, 4, 'Test Ryne', NULL, '2019-11-12'),
	(5, 3, 'Semi Virtuous', NULL, '2020-01-20'),
	(6, 3, 'Ebenezer', NULL, '2020-04-07'),
	(7, 3, 'CB214 Fox Lonas', NULL, '2020-02-11'),
	(8, 3, 'Glenroth OH-URD Conversion', NULL, '2020-03-03'),
	(9, 3, 'Watt Rd - Truck Repair', NULL, '2020-08-03'),
	(10, 4, 'test', NULL, '2020-12-17'),
	(11, 4, 'capstone Test', NULL, '2021-01-27'),
	(12, 3, 'Watt RD', NULL, '2021-02-27'),
	(13, 3, 'HV @ Pellissippi TDOT', NULL, '2019-09-06'),
	(14, 3, 'simpson', NULL, '2019-02-11'),
	(15, 3, 'Temp Small Project', NULL, '2019-09-24'),
	(16, 3, 'CB214 Fox Lonas', NULL, '2020-03-19'),
	(17, 3, 'Float', NULL, '2020-10-29'),
	(18, 3, 'Bell Camp Pike', NULL, '2020-02-11'),
	(19, 3, 'Comprehensive', NULL, '2020-02-11'),
	(20, 4, 'Oak Ridge Hwy', NULL, '2019-06-19'),
	(21, 3, 'Semi Virtuous', NULL, '2019-07-11'),
	(22, 4, 'test', NULL, '2020-02-14'),
	(23, 5, 'virtue', NULL, '2020-08-06'),
	(24, 3, 'simpsonmkii', NULL, '2020-08-20');
CREATE TABLE IF NOT EXISTS `material` (
  `PROJECT_ID` int NOT NULL,
  `ITEM_ID` varchar(50) NOT NULL,
  `QUANTITY` int DEFAULT NULL,
  KEY `PROJECT_ID` (`PROJECT_ID`),
  KEY `ITEM_ID` (`ITEM_ID`),
  CONSTRAINT `PROJECT_ID ` FOREIGN KEY (`PROJECT_ID`) REFERENCES `project` (`PROJECT_ID`),
  CONSTRAINT `ITEM_ID` FOREIGN KEY (`ITEM_ID`) REFERENCES `item` (`ITEM_ID`),
  PRIMARY KEY(`PROJECT_ID`, `ITEM_ID`)
);


CREATE TABLE IF NOT EXISTS `project_assemblies` (
  `ASSEMBLY_ID` int NOT NULL,
  `PROJECT_ID` int NOT NULL,
  `QUANTITY` int DEFAULT NULL,
  KEY `FK_PROJECT_ID_ASSEMBLIES` (`PROJECT_ID`),
  KEY `FK_ASSEMBLY_ID_ASSEMBLIES` (`ASSEMBLY_ID`),
  CONSTRAINT `FK_PROJECT_ID_ASSEMBLIES` FOREIGN KEY (`PROJECT_ID`) REFERENCES `project` (`PROJECT_ID`),
  CONSTRAINT `FK_ASSEMBLY_ID_ASSEMBLIES` FOREIGN KEY (`ASSEMBLY_ID`) REFERENCES `assemblies` (`ASSEMBLY_ID`),
  PRIMARY KEY(`PROJECT_ID`, `ASSEMBLY_ID`)
);

commit;